Name,,Sample,Expression
ENSG00000143514.17,,GTEX.111CU.0326.SM.5GZXO,45.5237
ENSG00000143514.17,,GTEX.111FC.1126.SM.5GZWU,24.0082
ENSG00000143514.17,,GTEX.111VG.0726.SM.5GIDC,81.612
ENSG00000143514.17,,GTEX.111YS.0626.SM.5GZXV,39.9502
ENSG00000143514.17,,GTEX.1122O.0126.SM.5GICA,30.4007
ENSG00000143514.17,,GTEX.1128S.0726.SM.5N9D6,29.2681
ENSG00000143514.17,,GTEX.117YW.0526.SM.5H11C,25.7104
ENSG00000143514.17,,GTEX.117YX.1326.SM.5H125,38.5307
ENSG00000143514.17,,GTEX.11DXX.0626.SM.5Q5AG,30.7417
ENSG00000143514.17,,GTEX.11DXZ.0726.SM.5N9C4,25.6791
ENSG00000143514.17,,GTEX.11DYG.0626.SM.GINAE,24.796
ENSG00000143514.17,,GTEX.11DZ1.0426.SM.5H11A,26.6976
ENSG00000143514.17,,GTEX.11EI6.0826.SM.5985V,26.8932
ENSG00000143514.17,,GTEX.11EMC.0126.SM.5EGKV,40.2986
ENSG00000143514.17,,GTEX.11EQ9.0226.SM.5A5JX,36.7555
ENSG00000143514.17,,GTEX.11GSP.0726.SM.5986L,111.709
ENSG00000143514.17,,GTEX.11I78.0126.SM.5HL6F,20.2741
ENSG00000143514.17,,GTEX.11LCK.0426.SM.5A5M8,42.4146
ENSG00000143514.17,,GTEX.11NSD.0326.SM.5A5LS,34.639
ENSG00000143514.17,,GTEX.11NUK.0826.SM.5HL4U,26.62
ENSG00000143514.17,,GTEX.11NV4.1126.SM.5HL6J,75.8605
ENSG00000143514.17,,GTEX.11O72.1326.SM.5BC5A,59.5936
ENSG00000143514.17,,GTEX.11OF3.1126.SM.5986C,96.6073
ENSG00000143514.17,,GTEX.11P7K.0326.SM.59871,27.9851
ENSG00000143514.17,,GTEX.11P81.0226.SM.5HL5M,27.2249
ENSG00000143514.17,,GTEX.11PRG.0926.SM.5EGI8,34.932
ENSG00000143514.17,,GTEX.11TT1.1626.SM.5EQL7,43.2787
ENSG00000143514.17,,GTEX.11TUW.0526.SM.5LU9A,25.6274
ENSG00000143514.17,,GTEX.11UD2.0726.SM.5EQ69,24.2248
ENSG00000143514.17,,GTEX.11WQC.0626.SM.5EQMF,46.939
ENSG00000143514.17,,GTEX.11WQK.1226.SM.5GU5Z,45.1146
ENSG00000143514.17,,GTEX.11XUK.0326.SM.HAV26,34.6956
ENSG00000143514.17,,GTEX.11ZTS.1226.SM.5EQMQ,40.8542
ENSG00000143514.17,,GTEX.11ZTT.0626.SM.5EQLM,33.2226
ENSG00000143514.17,,GTEX.11ZUS.0126.SM.5EQM5,24.6826
ENSG00000143514.17,,GTEX.11ZVC.0226.SM.731E8,45.4735
ENSG00000143514.17,,GTEX.1211K.0826.SM.5FQUP,41.3192
ENSG00000143514.17,,GTEX.1212Z.1026.SM.5EGJ8,26.8999
ENSG00000143514.17,,GTEX.12584.1426.SM.5EGJ9,64.681
ENSG00000143514.17,,GTEX.12696.1026.SM.5FQUV,24.8543
ENSG00000143514.17,,GTEX.1269C.0926.SM.5FQSR,56.7406
ENSG00000143514.17,,GTEX.12BJ1.1026.SM.5EGJA,45.6792
ENSG00000143514.17,,GTEX.12C56.0126.SM.HAV25,36.0807
ENSG00000143514.17,,GTEX.12KS4.0726.SM.5FQSX,39.2788
ENSG00000143514.17,,GTEX.12WSA.1026.SM.5EGHN,27.5282
ENSG00000143514.17,,GTEX.12WSD.0826.SM.5GCNE,49.9301
ENSG00000143514.17,,GTEX.12WSE.0826.SM.5S2VL,27.3499
ENSG00000143514.17,,GTEX.12WSG.5004.SM.7EPG9,29.6047
ENSG00000143514.17,,GTEX.12WSH.0126.SM.5GCO3,34.4157
ENSG00000143514.17,,GTEX.12WSI.0826.SM.5EGKD,24.0183
ENSG00000143514.17,,GTEX.12WSJ.0226.SM.5GCP7,27.2537
ENSG00000143514.17,,GTEX.12WSK.0826.SM.5CVNP,24.9584
ENSG00000143514.17,,GTEX.12WSL.5004.SM.HTQ88,39.1386
ENSG00000143514.17,,GTEX.12WSN.5004.SM.793CE,62.6206
ENSG00000143514.17,,GTEX.12ZZW.0926.SM.5LZUD,24.7403
ENSG00000143514.17,,GTEX.12ZZY.0926.SM.5EQ6I,32.143
ENSG00000143514.17,,GTEX.13111.5001.SM.I9BPN,33.4223
ENSG00000143514.17,,GTEX.13113.5004.SM.79ONL,25.6117
ENSG00000143514.17,,GTEX.1313W.0926.SM.5EQ56,21.876
ENSG00000143514.17,,GTEX.131XE.0726.SM.5HL9K,17.9463
ENSG00000143514.17,,GTEX.131XF.1026.SM.5BC6A,31.1857
ENSG00000143514.17,,GTEX.131XH.0426.SM.5DUWU,49.073
ENSG00000143514.17,,GTEX.131XW.1126.SM.5EGK4,28.0105
ENSG00000143514.17,,GTEX.131YS.0926.SM.5IJB9,43.1627
ENSG00000143514.17,,GTEX.132NY.1226.SM.5PNVF,41.6316
ENSG00000143514.17,,GTEX.132QS.0726.SM.5IJE9,38.2002
ENSG00000143514.17,,GTEX.1339X.0626.SM.5IJER,24.3219
ENSG00000143514.17,,GTEX.133LE.0526.SM.5N9EJ,30.0211
ENSG00000143514.17,,GTEX.1399S.1726.SM.5L3DI,42.3104
ENSG00000143514.17,,GTEX.1399U.0826.SM.5KM1P,21.1752
ENSG00000143514.17,,GTEX.139T6.0426.SM.5IJEM,26.9634
ENSG00000143514.17,,GTEX.139TT.0726.SM.5K7XW,86.1832
ENSG00000143514.17,,GTEX.139UW.0226.SM.5K7WU,33.2738
ENSG00000143514.17,,GTEX.139YR.0926.SM.5LZYB,28.8587
ENSG00000143514.17,,GTEX.13CF3.0426.SM.5IJEU,28.2426
ENSG00000143514.17,,GTEX.13D11.0326.SM.5LZXX,25.4978
ENSG00000143514.17,,GTEX.13FH7.1726.SM.5IJE7,29.5716
ENSG00000143514.17,,GTEX.13FHO.1026.SM.5KM1Q,24.0099
ENSG00000143514.17,,GTEX.13FHP.0726.SM.5K7YI,41.8849
ENSG00000143514.17,,GTEX.13FLV.0426.SM.5KLZA,45.8696
ENSG00000143514.17,,GTEX.13FTX.0326.SM.5J2NG,28.9633
ENSG00000143514.17,,GTEX.13FTY.0126.SM.5J2NZ,40.0442
ENSG00000143514.17,,GTEX.13FTZ.0526.SM.5IJCW,31.3188
ENSG00000143514.17,,GTEX.13G51.0426.SM.5K7Z5,68.19
ENSG00000143514.17,,GTEX.13JUV.0526.SM.5K7XE,28.7512
ENSG00000143514.17,,GTEX.13JVG.1426.SM.5MR4W,31.8942
ENSG00000143514.17,,GTEX.13N11.0326.SM.5LUA3,20.117
ENSG00000143514.17,,GTEX.13N1W.0726.SM.5MR57,24.1243
ENSG00000143514.17,,GTEX.13N2G.0826.SM.5IJE6,27.6382
ENSG00000143514.17,,GTEX.13NYB.0626.SM.5MR47,38.8446
ENSG00000143514.17,,GTEX.13NYS.1626.SM.5J2MU,23.1262
ENSG00000143514.17,,GTEX.13NZ8.0326.SM.5L3DF,91.9599
ENSG00000143514.17,,GTEX.13NZ9.0926.SM.5KM12,35.2638
ENSG00000143514.17,,GTEX.13NZA.1426.SM.5KM4Y,19.4183
ENSG00000143514.17,,GTEX.13O21.3026.SM.5J2NI,24.5031
ENSG00000143514.17,,GTEX.13O3O.0726.SM.5J1N7,64.3469
ENSG00000143514.17,,GTEX.13O3P.1026.SM.5N9E7,22.8037
ENSG00000143514.17,,GTEX.13O3Q.0526.SM.5KM18,33.6462
ENSG00000143514.17,,GTEX.13O61.0726.SM.5J2MD,38.5788
ENSG00000143514.17,,GTEX.13OVG.0326.SM.5KM57,29.9823
ENSG00000143514.17,,GTEX.13OVH.1026.SM.5J2NP,42.3043
ENSG00000143514.17,,GTEX.13OVJ.0726.SM.5KM1W,31.4681
ENSG00000143514.17,,GTEX.13OVL.0626.SM.5KM13,29.042
ENSG00000143514.17,,GTEX.13OW5.0726.SM.5KLZK,18.5732
ENSG00000143514.17,,GTEX.13OW6.0826.SM.5L3GA,53.5522
ENSG00000143514.17,,GTEX.13OW7.0926.SM.5L3EX,132.58
ENSG00000143514.17,,GTEX.13OW8.1726.SM.5L3GO,29.5074
ENSG00000143514.17,,GTEX.13PL7.1726.SM.5J2NX,29.2166
ENSG00000143514.17,,GTEX.13PVQ.0926.SM.5IJFD,23.2792
ENSG00000143514.17,,GTEX.13QBU.0726.SM.5J2OA,52.5332
ENSG00000143514.17,,GTEX.13QJ3.1026.SM.5QGQU,32.2628
ENSG00000143514.17,,GTEX.13QJC.0526.SM.5RQKB,41.0749
ENSG00000143514.17,,GTEX.13RTJ.1126.SM.5S2UJ,29.3029
ENSG00000143514.17,,GTEX.13S7M.2126.SM.5S2QR,45.5892
ENSG00000143514.17,,GTEX.13S86.0626.SM.5Q5E7,34.6934
ENSG00000143514.17,,GTEX.13SLW.1226.SM.5S2Q7,27.6432
ENSG00000143514.17,,GTEX.13U4I.1426.SM.5J2M3,23.952
ENSG00000143514.17,,GTEX.13VXT.1426.SM.5LU4B,30.565
ENSG00000143514.17,,GTEX.13VXU.2726.SM.5LU4N,49.1061
ENSG00000143514.17,,GTEX.13W3W.0326.SM.5NQ9F,22.0715
ENSG00000143514.17,,GTEX.13X6K.1626.SM.5O9BP,46.2171
ENSG00000143514.17,,GTEX.13YAN.1026.SM.5O9CF,36.5588
ENSG00000143514.17,,GTEX.1445S.1426.SM.G9EQL,32.7197
ENSG00000143514.17,,GTEX.144GM.0126.SM.5Q5AX,28.7649
ENSG00000143514.17,,GTEX.144GN.0426.SM.5O9AP,23.3862
ENSG00000143514.17,,GTEX.144GO.0226.SM.5LUB1,54.7181
ENSG00000143514.17,,GTEX.145LS.1226.SM.5Q5D9,48.9682
ENSG00000143514.17,,GTEX.145LT.0326.SM.5LUAD,46.8701
ENSG00000143514.17,,GTEX.145LU.0526.SM.5O9AT,66.0283
ENSG00000143514.17,,GTEX.145ME.0226.SM.5S2QN,70.9397
ENSG00000143514.17,,GTEX.145MF.0726.SM.5Q5BT,30.8932
ENSG00000143514.17,,GTEX.145MH.0626.SM.5NQAK,26.0902
ENSG00000143514.17,,GTEX.145MN.0926.SM.5NQBT,36.573
ENSG00000143514.17,,GTEX.145MO.1326.SM.5Q5EF,32.3045
ENSG00000143514.17,,GTEX.146FH.1226.SM.5NQB6,24.8162
ENSG00000143514.17,,GTEX.146FQ.0926.SM.5LUAV,32.0881
ENSG00000143514.17,,GTEX.1477Z.0626.SM.5NQB7,26.4018
ENSG00000143514.17,,GTEX.147F3.0726.SM.5NQ9U,28.9742
ENSG00000143514.17,,GTEX.147F4.0926.SM.5Q5EO,74.3287
ENSG00000143514.17,,GTEX.147GR.1226.SM.5TDCL,21.8232
ENSG00000143514.17,,GTEX.147JS.1226.SM.5RQK4,29.043
ENSG00000143514.17,,GTEX.148VI.0226.SM.5RQKA,32.6404
ENSG00000143514.17,,GTEX.148VJ.0826.SM.5LU8V,31.2427
ENSG00000143514.17,,GTEX.1497J.0326.SM.5Q5CN,40.8586
ENSG00000143514.17,,GTEX.14A5H.1226.SM.H6Q69,21.0519
ENSG00000143514.17,,GTEX.14A6H.0526.SM.5NQAZ,28.0915
ENSG00000143514.17,,GTEX.14ABY.1126.SM.5Q5F8,27.241
ENSG00000143514.17,,GTEX.14AS3.0926.SM.5TDD6,25.0922
ENSG00000143514.17,,GTEX.14BIL.1226.SM.5O9CN,32.3269
ENSG00000143514.17,,GTEX.14BMU.0526.SM.5P9IE,44.4232
ENSG00000143514.17,,GTEX.14BMV.0826.SM.5P9I1,86.7143
ENSG00000143514.17,,GTEX.14C39.0326.SM.5TDDX,34.8259
ENSG00000143514.17,,GTEX.14C5O.1126.SM.5TDEH,32.4511
ENSG00000143514.17,,GTEX.14DAQ.0926.SM.5PNV1,54.4491
ENSG00000143514.17,,GTEX.14DAR.0226.SM.5S2PR,39.5341
ENSG00000143514.17,,GTEX.14E1K.0226.SM.62LDT,37.9792
ENSG00000143514.17,,GTEX.14E6C.1426.SM.5ZZWH,36.466
ENSG00000143514.17,,GTEX.14E6D.1026.SM.5S2RS,26.1049
ENSG00000143514.17,,GTEX.14E6E.0426.SM.73KUE,32.8128
ENSG00000143514.17,,GTEX.14E7W.1326.SM.5RQIV,52.6741
ENSG00000143514.17,,GTEX.14ICK.0726.SM.H6Q6B,28.1314
ENSG00000143514.17,,GTEX.14JG1.0926.SM.5YY8W,41.0368
ENSG00000143514.17,,GTEX.14JG6.0326.SM.6AJBT,41.1474
ENSG00000143514.17,,GTEX.14JIY.1326.SM.6AJB3,38.7675
ENSG00000143514.17,,GTEX.14LLW.0726.SM.5ZZVV,29.3369
ENSG00000143514.17,,GTEX.14LZ3.0726.SM.5YYAB,39.1457
ENSG00000143514.17,,GTEX.14PHY.0526.SM.664NM,18.5014
ENSG00000143514.17,,GTEX.14PJ4.0626.SM.6AJBS,49.3472
ENSG00000143514.17,,GTEX.14PJ5.0226.SM.5YY99,38.0331
ENSG00000143514.17,,GTEX.14PJM.0926.SM.6AJ9Y,50.3516
ENSG00000143514.17,,GTEX.14PJO.0926.SM.686YT,26.7292
ENSG00000143514.17,,GTEX.14PK6.5003.SM.HTQ8I,28.9264
ENSG00000143514.17,,GTEX.14PKU.0726.SM.HAUZY,42.2603
ENSG00000143514.17,,GTEX.14PN3.0926.SM.H6Q6A,36.5929
ENSG00000143514.17,,GTEX.14PQA.1126.SM.7KUM4,23.6079
ENSG00000143514.17,,GTEX.14XAO.5002.SM.HL11T,44.0278
ENSG00000143514.17,,GTEX.15CHC.0226.SM.5YYBB,18.3847
ENSG00000143514.17,,GTEX.15CHQ.1026.SM.GRR1B,26.4709
ENSG00000143514.17,,GTEX.15CHR.5005.SM.HL11N,39.7423
ENSG00000143514.17,,GTEX.15D1Q.0526.SM.6AJAY,24.5383
ENSG00000143514.17,,GTEX.15EOM.5010.SM.7P8PA,30.8761
ENSG00000143514.17,,GTEX.15ER7.0926.SM.7KUMG,53.0466
ENSG00000143514.17,,GTEX.15EU6.1226.SM.6AJBE,30.6893
ENSG00000143514.17,,GTEX.15FZZ.0326.SM.6M48O,31.2227
ENSG00000143514.17,,GTEX.15G19.0726.SM.HAUXU,40.4114
ENSG00000143514.17,,GTEX.15G1A.0426.SM.6M468,35.5902
ENSG00000143514.17,,GTEX.15RIE.0326.SM.6PAMC,36.2783
ENSG00000143514.17,,GTEX.15RIF.0426.SM.HAUZ8,29.2072
ENSG00000143514.17,,GTEX.15RJ7.0626.SM.6M47V,29.2923
ENSG00000143514.17,,GTEX.15RJE.1026.SM.6M46X,26.2528
ENSG00000143514.17,,GTEX.15SB6.0426.SM.6LPJ5,23.2041
ENSG00000143514.17,,GTEX.15SDE.0226.SM.H7OEW,32.0416
ENSG00000143514.17,,GTEX.15SHV.0326.SM.6M475,30.7326
ENSG00000143514.17,,GTEX.15SHW.0926.SM.6LPIO,25.1442
ENSG00000143514.17,,GTEX.15SKB.0826.SM.7KUFB,20.627
ENSG00000143514.17,,GTEX.15UKP.1926.SM.6LPI9,41.1081
ENSG00000143514.17,,GTEX.169BO.0226.SM.79OL1,24.2349
ENSG00000143514.17,,GTEX.16AAH.0426.SM.7DUFM,28.4695
ENSG00000143514.17,,GTEX.16GPK.1826.SM.G8W6F,22.2956
ENSG00000143514.17,,GTEX.16MT8.1026.SM.6LPK1,20.928
ENSG00000143514.17,,GTEX.16MTA.1226.SM.7KULL,19.7718
ENSG00000143514.17,,GTEX.16NFA.0826.SM.6LPJD,47.5212
ENSG00000143514.17,,GTEX.16NGA.0226.SM.718AI,47.5561
ENSG00000143514.17,,GTEX.16NPX.1126.SM.GPRXK,28.8677
ENSG00000143514.17,,GTEX.16XZZ.0926.SM.7DHLI,30.8014
ENSG00000143514.17,,GTEX.16YQH.1626.SM.GRR19,27.9429
ENSG00000143514.17,,GTEX.16Z82.1026.SM.6M48A,76.3783
ENSG00000143514.17,,GTEX.178AV.0326.SM.6LPJF,21.9153
ENSG00000143514.17,,GTEX.17EVP.0726.SM.7EWDX,38.6309
ENSG00000143514.17,,GTEX.17EVQ.1526.SM.79ONG,18.9691
ENSG00000143514.17,,GTEX.17F96.0626.SM.793CC,40.719
ENSG00000143514.17,,GTEX.17F98.0226.SM.793BV,35.5522
ENSG00000143514.17,,GTEX.17F9Y.1026.SM.7IGO4,34.3069
ENSG00000143514.17,,GTEX.17GQL.0726.SM.731BL,22.1324
ENSG00000143514.17,,GTEX.17HG3.0326.SM.7IGP4,18.233
ENSG00000143514.17,,GTEX.17HGU.0926.SM.79OKO,24.1975
ENSG00000143514.17,,GTEX.17HHE.0626.SM.7DHL6,46.4979
ENSG00000143514.17,,GTEX.17HII.0926.SM.79ON7,33.3976
ENSG00000143514.17,,GTEX.17JCI.1526.SM.7IGOQ,95.7054
ENSG00000143514.17,,GTEX.17KNJ.0926.SM.7IGP2,19.8494
ENSG00000143514.17,,GTEX.17MF6.0826.SM.7LT8F,33.0183
ENSG00000143514.17,,GTEX.183FY.0726.SM.793C3,26.5436
ENSG00000143514.17,,GTEX.18465.0626.SM.7LT8X,42.1094
ENSG00000143514.17,,GTEX.18A66.0926.SM.718BG,28.48
ENSG00000143514.17,,GTEX.18A67.1126.SM.7KFSB,35.5611
ENSG00000143514.17,,GTEX.18A6Q.0826.SM.7KFRD,31.5742
ENSG00000143514.17,,GTEX.18A7A.1026.SM.7LT8B,44.1608
ENSG00000143514.17,,GTEX.18D9A.0226.SM.7KFSJ,24.0621
ENSG00000143514.17,,GTEX.18D9B.1026.SM.CNPO5,15.6536
ENSG00000143514.17,,GTEX.18D9U.0526.SM.72D7C,47.8522
ENSG00000143514.17,,GTEX.18QFQ.0926.SM.7LG4V,25.8729
ENSG00000143514.17,,GTEX.1A32A.0726.SM.731D4,39.4602
ENSG00000143514.17,,GTEX.1A3MV.0526.SM.72D5A,42.2405
ENSG00000143514.17,,GTEX.1A8FM.0826.SM.793D5,83.4832
ENSG00000143514.17,,GTEX.1A8G6.0726.SM.73KV5,48.2642
ENSG00000143514.17,,GTEX.1AX8Z.5010.SM.AHZ33,26.1103
ENSG00000143514.17,,GTEX.1AX9I.0826.SM.73KUT,39.6451
ENSG00000143514.17,,GTEX.1AX9J.1626.SM.73KUI,57.5256
ENSG00000143514.17,,GTEX.1AX9K.5026.SM.HTQ7X,33.7381
ENSG00000143514.17,,GTEX.1AYCT.0726.SM.7IGNG,39.4325
ENSG00000143514.17,,GTEX.1AYD5.1226.SM.7EWEP,17.6169
ENSG00000143514.17,,GTEX.1B8KZ.0526.SM.73KW2,35.181
ENSG00000143514.17,,GTEX.1B8L1.0626.SM.7EPHL,54.5156
ENSG00000143514.17,,GTEX.1B8SF.0826.SM.73KW8,59.829
ENSG00000143514.17,,GTEX.1B8SG.1026.SM.H7OEY,27.2071
ENSG00000143514.17,,GTEX.1B932.0726.SM.731EY,32.963
ENSG00000143514.17,,GTEX.1B933.0926.SM.9OSVH,36.5366
ENSG00000143514.17,,GTEX.1B97I.0226.SM.73KVO,36.698
ENSG00000143514.17,,GTEX.1B996.0726.SM.7IGPI,73.3903
ENSG00000143514.17,,GTEX.1BAJH.1326.SM.7RHFS,48.6577
ENSG00000143514.17,,GTEX.1C4CL.0826.SM.7EWEZ,27.1141
ENSG00000143514.17,,GTEX.1C64O.1226.SM.79OOC,37.3471
ENSG00000143514.17,,GTEX.1C6VR.0626.SM.79OOY,63.3078
ENSG00000143514.17,,GTEX.1C6VS.1226.SM.79OO2,33.4303
ENSG00000143514.17,,GTEX.1C6WA.0726.SM.7IGQ5,45.2516
ENSG00000143514.17,,GTEX.1CAMQ.1026.SM.7EPIC,35.9575
ENSG00000143514.17,,GTEX.1CAV2.0626.SM.7P8QE,70.5389
ENSG00000143514.17,,GTEX.1CB4F.0926.SM.7DHMJ,34.9035
ENSG00000143514.17,,GTEX.1CB4I.2126.SM.793AG,36.2163
ENSG00000143514.17,,GTEX.1CB4J.1726.SM.79OOL,23.5132
ENSG00000143514.17,,GTEX.1E1VI.0926.SM.7P8T3,42.358
ENSG00000143514.17,,GTEX.1E2YA.0926.SM.7MXUK,69.1962
ENSG00000143514.17,,GTEX.1EKGG.1326.SM.7MXUM,64.6255
ENSG00000143514.17,,GTEX.1EMGI.1426.SM.7IGNQ,76.5947
ENSG00000143514.17,,GTEX.1EN7A.0826.SM.7MKFV,29.3865
ENSG00000143514.17,,GTEX.1EWIQ.0926.SM.7RHG7,99.1151
ENSG00000143514.17,,GTEX.1EX96.0226.SM.7RHHR,36.947
ENSG00000143514.17,,GTEX.1F48J.0826.SM.9WPOD,29.1915
ENSG00000143514.17,,GTEX.1F5PK.0526.SM.7MXUA,26.3179
ENSG00000143514.17,,GTEX.1F6I4.1026.SM.7P8PS,36.7249
ENSG00000143514.17,,GTEX.1F6RS.0826.SM.7P8T9,39.1696
ENSG00000143514.17,,GTEX.1F75B.1026.SM.9JGFS,47.1674
ENSG00000143514.17,,GTEX.1F75W.0626.SM.7PC13,31.4216
ENSG00000143514.17,,GTEX.1F7RK.0826.SM.7SB8V,28.0919
ENSG00000143514.17,,GTEX.1F88F.0926.SM.7RHH8,115.792
ENSG00000143514.17,,GTEX.1FIGZ.0326.SM.7RHGT,27.9192
ENSG00000143514.17,,GTEX.1GF9V.1026.SM.9KNW3,57.193
ENSG00000143514.17,,GTEX.1GF9X.0326.SM.7P8R9,34.9856
ENSG00000143514.17,,GTEX.1GL5R.0526.SM.9WPOQ,38.7385
ENSG00000143514.17,,GTEX.1GMR2.0126.SM.9JGHC,40.3868
ENSG00000143514.17,,GTEX.1GMR3.0226.SM.7RHIB,41.825
ENSG00000143514.17,,GTEX.1GMR8.1426.SM.7RHHL,44.0542
ENSG00000143514.17,,GTEX.1GMRU.1426.SM.9WPPL,44.4769
ENSG00000143514.17,,GTEX.1GN1U.1026.SM.9WYUP,24.5996
ENSG00000143514.17,,GTEX.1GN1W.1026.SM.9OSW2,30.4002
ENSG00000143514.17,,GTEX.1GN2E.1526.SM.7P8TD,33.5114
ENSG00000143514.17,,GTEX.1GN73.1026.SM.9KNV9,70.9838
ENSG00000143514.17,,GTEX.1GPI7.1526.SM.9JGG8,38.6103
ENSG00000143514.17,,GTEX.1GTWX.0626.SM.9WYU1,30.5921
ENSG00000143514.17,,GTEX.1GZ2Q.0726.SM.9KNVV,63.1408
ENSG00000143514.17,,GTEX.1GZ4H.0426.SM.7MXV5,35.0339
ENSG00000143514.17,,GTEX.1GZ4I.0726.SM.9QEHL,31.5261
ENSG00000143514.17,,GTEX.1GZHY.0826.SM.9OSXT,44.6817
ENSG00000143514.17,,GTEX.1H11D.0726.SM.9OSWA,22.6797
ENSG00000143514.17,,GTEX.1H1CY.0626.SM.9KNVE,81.5174
ENSG00000143514.17,,GTEX.1H1DG.1026.SM.9MQJS,36.2249
ENSG00000143514.17,,GTEX.1H1E6.0726.SM.9WPQ4,25.0816
ENSG00000143514.17,,GTEX.1H1ZS.0826.SM.A9SMD,20.0014
ENSG00000143514.17,,GTEX.1H23P.1026.SM.9QEHQ,33.1758
ENSG00000143514.17,,GTEX.1H2FU.1226.SM.9KNVY,41.5359
ENSG00000143514.17,,GTEX.1H3O1.0326.SM.9WPO8,26.908
ENSG00000143514.17,,GTEX.1H3VY.1426.SM.9WPOB,26.1144
ENSG00000143514.17,,GTEX.1HB9E.0726.SM.AHZ4L,46.3761
ENSG00000143514.17,,GTEX.1HBPH.1326.SM.9WYSN,33.496
ENSG00000143514.17,,GTEX.1HBPM.0826.SM.9WYSP,24.1264
ENSG00000143514.17,,GTEX.1HCU7.0926.SM.A96TK,21.9176
ENSG00000143514.17,,GTEX.1HCUA.0226.SM.A8N88,42.4263
ENSG00000143514.17,,GTEX.1HCVE.0626.SM.A9SL2,33.1856
ENSG00000143514.17,,GTEX.1HFI6.0926.SM.9WPPV,34.8465
ENSG00000143514.17,,GTEX.1HSKV.1126.SM.ADEIA,42.7592
ENSG00000143514.17,,GTEX.1HSMO.0926.SM.A96S7,22.6989
ENSG00000143514.17,,GTEX.1HSMP.5007.SM.I9BPJ,19.0105
ENSG00000143514.17,,GTEX.1HSMQ.5005.SM.HAUXX,39.7808
ENSG00000143514.17,,GTEX.1HT8W.1426.SM.CE6S2,61.441
ENSG00000143514.17,,GTEX.1I19N.0526.SM.A9G27,30.2889
ENSG00000143514.17,,GTEX.1I1CD.0926.SM.CL55I,32.8317
ENSG00000143514.17,,GTEX.1I1GP.0526.SM.ARL7G,39.7176
ENSG00000143514.17,,GTEX.1I1GQ.1126.SM.CNNQT,45.728
ENSG00000143514.17,,GTEX.1I1GR.0726.SM.B2LWL,29.1506
ENSG00000143514.17,,GTEX.1I1GS.1426.SM.COH3W,20.8191
ENSG00000143514.17,,GTEX.1I1GU.0526.SM.B2LX2,38.7493
ENSG00000143514.17,,GTEX.1I1GV.0926.SM.B2LXM,22.4813
ENSG00000143514.17,,GTEX.1I4MK.0326.SM.B2LWP,34.5293
ENSG00000143514.17,,GTEX.1I6K6.0926.SM.AHZ2N,34.4817
ENSG00000143514.17,,GTEX.1I6K7.1226.SM.B2LVS,31.8658
ENSG00000143514.17,,GTEX.1ICLZ.0926.SM.CKZPQ,21.3709
ENSG00000143514.17,,GTEX.1IDJD.0826.SM.GA917,17.6978
ENSG00000143514.17,,GTEX.1IDJH.0726.SM.ARU7U,49.4479
ENSG00000143514.17,,GTEX.1IDJI.0626.SM.C1YQD,25.6171
ENSG00000143514.17,,GTEX.1IDJU.0226.SM.CKZOF,46.7495
ENSG00000143514.17,,GTEX.1IKJJ.0926.SM.A9G2L,53.7885
ENSG00000143514.17,,GTEX.1IKK5.1926.SM.A9G2V,60.9959
ENSG00000143514.17,,GTEX.1IKOE.1226.SM.GA8ZY,34.7355
ENSG00000143514.17,,GTEX.1IL2U.0926.SM.CKZOB,31.4462
ENSG00000143514.17,,GTEX.1IL2V.0726.SM.ARZMB,31.1849
ENSG00000143514.17,,GTEX.1IOXB.1126.SM.CNNQ5,22.8033
ENSG00000143514.17,,GTEX.1IY9M.1126.SM.A9SLV,33.597
ENSG00000143514.17,,GTEX.1J1OQ.0926.SM.CJI34,24.357
ENSG00000143514.17,,GTEX.1J1R8.0226.SM.AHZ3C,35.7574
ENSG00000143514.17,,GTEX.1J8EW.1026.SM.A96T7,18.3241
ENSG00000143514.17,,GTEX.1J8JJ.1126.SM.CL55P,57.6994
ENSG00000143514.17,,GTEX.1J8Q3.0826.SM.GA8ZP,51.0845
ENSG00000143514.17,,GTEX.1J8QM.0526.SM.AHZ3Y,32.9218
ENSG00000143514.17,,GTEX.1JJE9.0926.SM.CNNP9,21.4739
ENSG00000143514.17,,GTEX.1JJEA.1126.SM.CKZOC,41.6134
ENSG00000143514.17,,GTEX.1JK1U.1126.SM.CY8HK,45.5023
ENSG00000143514.17,,GTEX.1JKYN.2126.SM.ARU8W,50.4414
ENSG00000143514.17,,GTEX.1JMLX.0926.SM.CNNPQ,30.4463
ENSG00000143514.17,,GTEX.1JMOU.0526.SM.CNNPE,30.0719
ENSG00000143514.17,,GTEX.1JMPZ.1126.SM.ARU8X,27.7501
ENSG00000143514.17,,GTEX.1JMQI.1126.SM.ARZN2,27.2855
ENSG00000143514.17,,GTEX.1JMQJ.2126.SM.CNPPA,43.2727
ENSG00000143514.17,,GTEX.1JMQL.1126.SM.CKZOP,19.6108
ENSG00000143514.17,,GTEX.1JN6P.0726.SM.ARZN7,30.8785
ENSG00000143514.17,,GTEX.1JN76.0826.SM.C1YRK,27.0239
ENSG00000143514.17,,GTEX.1K2DU.0526.SM.D4P2Y,28.7585
ENSG00000143514.17,,GTEX.1K9T9.0926.SM.D3L9C,29.415
ENSG00000143514.17,,GTEX.1KAFJ.0326.SM.DHXJG,28.6981
ENSG00000143514.17,,GTEX.1KANB.1026.SM.D3L9F,27.3781
ENSG00000143514.17,,GTEX.1KD4Q.0926.SM.CXZKI,40.5286
ENSG00000143514.17,,GTEX.1KD5A.1126.SM.CXZK6,18.7995
ENSG00000143514.17,,GTEX.1KWVE.0426.SM.DHXJX,51.1046
ENSG00000143514.17,,GTEX.1KXAM.0426.SM.DHXKG,32.171
ENSG00000143514.17,,GTEX.1L5NE.0726.SM.CXZKQ,35.5354
ENSG00000143514.17,,GTEX.1LB8K.0826.SM.D4P41,73.7138
ENSG00000143514.17,,GTEX.1LC47.1126.SM.D4P43,25.9044
ENSG00000143514.17,,GTEX.1LG7Y.0826.SM.E9TJX,46.8455
ENSG00000143514.17,,GTEX.1LGRB.0226.SM.CNPQK,37.7548
ENSG00000143514.17,,GTEX.1LH75.0226.SM.F33ZP,24.3735
ENSG00000143514.17,,GTEX.1LSNL.1126.SM.G8LN1,53.8781
ENSG00000143514.17,,GTEX.1LSVX.0626.SM.E9U59,34.908
ENSG00000143514.17,,GTEX.1LVAN.1126.SM.CNNRE,22.0997
ENSG00000143514.17,,GTEX.1LVAO.1226.SM.DIPGB,22.6715
ENSG00000143514.17,,GTEX.1M4P7.0826.SM.E9TJR,19.3027
ENSG00000143514.17,,GTEX.1MA7X.0626.SM.E9TJI,53.3995
ENSG00000143514.17,,GTEX.1MCC2.0726.SM.EV7AL,28.4331
ENSG00000143514.17,,GTEX.1MGNQ.0826.SM.EVR41,30.6035
ENSG00000143514.17,,GTEX.1MJIX.0626.SM.DTX8V,30.9996
ENSG00000143514.17,,GTEX.1MJK2.1126.SM.E9TJ7,28.1592
ENSG00000143514.17,,GTEX.1N2DW.1126.SM.EVR59,117.62
ENSG00000143514.17,,GTEX.1N5O9.1226.SM.HAUYN,56.8356
ENSG00000143514.17,,GTEX.1NHNU.0426.SM.F2TBP,29.2686
ENSG00000143514.17,,GTEX.1NSGN.1626.SM.EXOJF,47.3237
ENSG00000143514.17,,GTEX.1NV5F.0926.SM.DTX8N,41.2088
ENSG00000143514.17,,GTEX.1NV8Z.1226.SM.F648B,55.1132
ENSG00000143514.17,,GTEX.1O9I2.0726.SM.EY5ZG,39.8199
ENSG00000143514.17,,GTEX.1OJC3.0726.SM.DTX92,28.8926
ENSG00000143514.17,,GTEX.1OJC4.0626.SM.DTXEY,40.338
ENSG00000143514.17,,GTEX.1OKEX.0326.SM.HAUY8,25.5801
ENSG00000143514.17,,GTEX.1P4AB.1026.SM.DTXES,30.0879
ENSG00000143514.17,,GTEX.1PBJJ.1326.SM.F3K42,43.623
ENSG00000143514.17,,GTEX.1PIIG.1826.SM.DTX7N,53.2311
ENSG00000143514.17,,GTEX.1POEN.1126.SM.EY5YO,32.0046
ENSG00000143514.17,,GTEX.1PPGY.1826.SM.EXOJ8,51.5379
ENSG00000143514.17,,GTEX.1PPH7.0226.SM.E76Q1,35.1915
ENSG00000143514.17,,GTEX.1PWST.0826.SM.DTXF1,25.9014
ENSG00000143514.17,,GTEX.1QAET.0426.SM.EXUSM,21.3082
ENSG00000143514.17,,GTEX.1QCLY.1026.SM.EWRNI,28.7036
ENSG00000143514.17,,GTEX.1QEPI.0826.SM.DTX9B,71.96
ENSG00000143514.17,,GTEX.1QMI2.0926.SM.DTX7S,30.1186
ENSG00000143514.17,,GTEX.1QP29.1226.SM.E6CQ1,50.1794
ENSG00000143514.17,,GTEX.1QP2A.1226.SM.EVR3I,39.9108
ENSG00000143514.17,,GTEX.1R9K4.0926.SM.EXOJN,38.075
ENSG00000143514.17,,GTEX.1R9K5.0926.SM.F2I2Z,18.7768
ENSG00000143514.17,,GTEX.1R9PM.0426.SM.EVR3P,27.5104
ENSG00000143514.17,,GTEX.1RAZQ.1026.SM.EAZ4R,42.76
ENSG00000143514.17,,GTEX.1RAZR.0726.SM.EV7BA,25.3725
ENSG00000143514.17,,GTEX.1RAZS.2226.SM.E8VMU,55.3032
ENSG00000143514.17,,GTEX.1RDX4.1626.SM.EVR53,22.6448
ENSG00000143514.17,,GTEX.1RLM8.0626.SM.E76OW,31.0239
ENSG00000143514.17,,GTEX.1RMOY.0226.SM.GQ1EG,38.4626
ENSG00000143514.17,,GTEX.1RNSC.1226.SM.E9U52,31.3898
ENSG00000143514.17,,GTEX.1RQED.1026.SM.EVYCT,43.2828
ENSG00000143514.17,,GTEX.1S3DN.1026.SM.HK7AU,57.2713
ENSG00000143514.17,,GTEX.1S5VW.0926.SM.EWRNU,25.1373
ENSG00000143514.17,,GTEX.1S5ZU.1026.SM.HK794,24.6849
ENSG00000143514.17,,GTEX.1S82P.0826.SM.EVR4P,41.1226
ENSG00000143514.17,,GTEX.1S82Z.0426.SM.GRR2U,44.2455
ENSG00000143514.17,,GTEX.1S83E.0526.SM.HLJQ8,29.5429
ENSG00000143514.17,,GTEX.N7MT.0126.SM.2D7VT,31.127
ENSG00000143514.17,,GTEX.NFK9.1026.SM.G8W7H,23.8877
ENSG00000143514.17,,GTEX.O5YT.0526.SM.32PK8,31.5149
ENSG00000143514.17,,GTEX.O5YU.0526.SM.HK78Z,23.1148
ENSG00000143514.17,,GTEX.O5YV.0526.SM.2I5GE,20.6904
ENSG00000143514.17,,GTEX.O5YW.0526.SM.2YUMX,51.8186
ENSG00000143514.17,,GTEX.OHPL.0526.SM.3NM8U,37.0407
ENSG00000143514.17,,GTEX.OHPM.0526.SM.2YUMJ,59.2047
ENSG00000143514.17,,GTEX.OIZF.0526.SM.7MXVM,20.7745
ENSG00000143514.17,,GTEX.OIZG.0526.SM.G8W7J,26.8361
ENSG00000143514.17,,GTEX.OIZH.0526.SM.2HMKV,33.1289
ENSG00000143514.17,,GTEX.OIZI.1026.SM.3NB1K,33.7049
ENSG00000143514.17,,GTEX.OOBJ.0526.SM.48TDK,30.7606
ENSG00000143514.17,,GTEX.OOBK.0526.SM.2HMJJ,35.4963
ENSG00000143514.17,,GTEX.OXRK.0926.SM.2HMKP,43.4939
ENSG00000143514.17,,GTEX.OXRL.0526.SM.2I3EZ,38.6295
ENSG00000143514.17,,GTEX.OXRN.0526.SM.2I5EN,40.5087
ENSG00000143514.17,,GTEX.OXRP.0526.SM.2I3EW,40.049
ENSG00000143514.17,,GTEX.P44H.1126.SM.48TBU,20.2513
ENSG00000143514.17,,GTEX.P4PP.0526.SM.2HMKE,64.411
ENSG00000143514.17,,GTEX.P4PQ.0526.SM.2HMKR,32.6437
ENSG00000143514.17,,GTEX.P4QS.0526.SM.2I3ET,26.8735
ENSG00000143514.17,,GTEX.P4QT.0526.SM.2I3EX,33.9378
ENSG00000143514.17,,GTEX.P78B.0926.SM.2I5FA,18.7693
ENSG00000143514.17,,GTEX.PLZ6.0426.SM.5IJDW,20.6615
ENSG00000143514.17,,GTEX.POMQ.0526.SM.3GADD,39.872
ENSG00000143514.17,,GTEX.POYW.1226.SM.2XCEP,29.0191
ENSG00000143514.17,,GTEX.PVOW.1026.SM.2XCF9,36.7733
ENSG00000143514.17,,GTEX.PW2O.0526.SM.2I3DX,28.5163
ENSG00000143514.17,,GTEX.PX3G.0526.SM.2I3EM,23.6744
ENSG00000143514.17,,GTEX.Q2AG.1026.SM.33HBW,43.4463
ENSG00000143514.17,,GTEX.Q2AH.0426.SM.2I3EP,34.3693
ENSG00000143514.17,,GTEX.Q734.0626.SM.2I3EF,21.6292
ENSG00000143514.17,,GTEX.QCQG.0326.SM.2I3ES,41.0763
ENSG00000143514.17,,GTEX.QDVJ.0926.SM.2I5FU,41.0599
ENSG00000143514.17,,GTEX.QDVN.0726.SM.4B64L,23.2465
ENSG00000143514.17,,GTEX.QEG4.0526.SM.48TZD,31.6284
ENSG00000143514.17,,GTEX.QEG5.1126.SM.33HC2,53.4774
ENSG00000143514.17,,GTEX.QMRM.0826.SM.3NB33,48.8012
ENSG00000143514.17,,GTEX.QVUS.2026.SM.EYYW9,22.6398
ENSG00000143514.17,,GTEX.QXCU.0626.SM.2TC69,49.5091
ENSG00000143514.17,,GTEX.R3RS.1026.SM.G8W61,40.6727
ENSG00000143514.17,,GTEX.R53T.0626.SM.HLJSG,38.0911
ENSG00000143514.17,,GTEX.R55C.0526.SM.3GIKA,32.0801
ENSG00000143514.17,,GTEX.R55D.0926.SM.G8W6I,23.6862
ENSG00000143514.17,,GTEX.R55F.0326.SM.EWRM6,22.4658
ENSG00000143514.17,,GTEX.REY6.0426.SM.G8W5V,23.5222
ENSG00000143514.17,,GTEX.RM2N.0426.SM.2TF4T,40.6376
ENSG00000143514.17,,GTEX.RNOR.0726.SM.2TF5I,175.519
ENSG00000143514.17,,GTEX.RVPV.1726.SM.2NKAQ,43.5789
ENSG00000143514.17,,GTEX.RWS6.0226.SM.2XCA9,40.9904
ENSG00000143514.17,,GTEX.S32W.0326.SM.2XCBI,33.9131
ENSG00000143514.17,,GTEX.S33H.0626.SM.2XCBJ,27.8026
ENSG00000143514.17,,GTEX.S341.0326.SM.2XCAU,22.9093
ENSG00000143514.17,,GTEX.S3LF.1126.SM.EVR33,33.6755
ENSG00000143514.17,,GTEX.S7SE.0926.SM.2XCD6,27.4768
ENSG00000143514.17,,GTEX.SIU8.0926.SM.COH1X,25.0608
ENSG00000143514.17,,GTEX.SJXC.1026.SM.EYYVA,29.8479
ENSG00000143514.17,,GTEX.SN8G.0926.SM.4DM5I,25.9157
ENSG00000143514.17,,GTEX.SNOS.0426.SM.32PMH,41.3036
ENSG00000143514.17,,GTEX.SUCS.0626.SM.32PM5,25.8368
ENSG00000143514.17,,GTEX.T2IS.0526.SM.32QP9,24.5565
ENSG00000143514.17,,GTEX.T5JC.0826.SM.32PMC,38.0579
ENSG00000143514.17,,GTEX.T6MN.0826.SM.32PM4,36.6945
ENSG00000143514.17,,GTEX.T6MO.0426.SM.32QOI,34.1918
ENSG00000143514.17,,GTEX.T8EM.0326.SM.3DB7F,34.1604
ENSG00000143514.17,,GTEX.TML8.0326.SM.4GICN,30.3262
ENSG00000143514.17,,GTEX.TMMY.0926.SM.4TT1Z,38.5914
ENSG00000143514.17,,GTEX.U3ZH.0526.SM.3DB75,23.3537
ENSG00000143514.17,,GTEX.U3ZM.0426.SM.3DB73,37.2702
ENSG00000143514.17,,GTEX.U3ZN.0626.SM.3DB7U,37.1687
ENSG00000143514.17,,GTEX.U412.0826.SM.3DB9K,32.5205
ENSG00000143514.17,,GTEX.U8T8.2226.SM.3DB95,28.8598
ENSG00000143514.17,,GTEX.U8XE.1426.SM.3DB8Q,60.224
ENSG00000143514.17,,GTEX.UJHI.0726.SM.3DB92,17.3377
ENSG00000143514.17,,GTEX.UJMC.0726.SM.3GADX,43.2465
ENSG00000143514.17,,GTEX.UPJH.0826.SM.4WKFD,46.3111
ENSG00000143514.17,,GTEX.UPK5.1126.SM.3GAEJ,33.5114
ENSG00000143514.17,,GTEX.V1D1.0826.SM.3P5ZA,15.5248
ENSG00000143514.17,,GTEX.VJWN.1326.SM.EVR2Z,36.7759
ENSG00000143514.17,,GTEX.VJYA.0326.SM.3GAEX,31.553
ENSG00000143514.17,,GTEX.VUSG.0926.SM.3GIK6,41.313
ENSG00000143514.17,,GTEX.WFG7.0526.SM.3GIKI,36.5103
ENSG00000143514.17,,GTEX.WFON.0426.SM.3GIL4,32.3504
ENSG00000143514.17,,GTEX.WH7G.0726.SM.3NMBM,24.5056
ENSG00000143514.17,,GTEX.WHPG.1426.SM.3NMBB,38.9297
ENSG00000143514.17,,GTEX.WHSB.0326.SM.5FQSD,29.5584
ENSG00000143514.17,,GTEX.WI4N.0826.SM.GQ1DU,84.1639
ENSG00000143514.17,,GTEX.WK11.0526.SM.3NB3O,28.291
ENSG00000143514.17,,GTEX.WL46.1026.SM.GNINR,26.6059
ENSG00000143514.17,,GTEX.WOFM.0126.SM.3MJFE,37.8513
ENSG00000143514.17,,GTEX.WRHU.0226.SM.3MJFV,46.4565
ENSG00000143514.17,,GTEX.WVJS.0826.SM.4MVNR,17.5275
ENSG00000143514.17,,GTEX.WVLH.0826.SM.F21KU,26.8135
ENSG00000143514.17,,GTEX.WWYW.0926.SM.3NB2Z,25.2235
ENSG00000143514.17,,GTEX.WY7C.0426.SM.3NB3C,27.4481
ENSG00000143514.17,,GTEX.WYBS.1126.SM.3NMAM,25.9488
ENSG00000143514.17,,GTEX.WYJK.0826.SM.3NM8Y,39.0067
ENSG00000143514.17,,GTEX.WYVS.0526.SM.3NM9W,32.897
ENSG00000143514.17,,GTEX.WZTO.0426.SM.3NM99,36.034
ENSG00000143514.17,,GTEX.X15G.0626.SM.EVR32,25.4447
ENSG00000143514.17,,GTEX.X261.1026.SM.3NMDL,31.9603
ENSG00000143514.17,,GTEX.X3Y1.0626.SM.3P5YS,23.8398
ENSG00000143514.17,,GTEX.X4EO.0926.SM.3P5Z2,31.2033
ENSG00000143514.17,,GTEX.X4EP.0526.SM.3P5YW,22.9455
ENSG00000143514.17,,GTEX.X4LF.0526.SM.3NMB6,27.1063
ENSG00000143514.17,,GTEX.X4XX.1026.SM.4QARO,28.0897
ENSG00000143514.17,,GTEX.X4XY.1026.SM.46MVX,30.0171
ENSG00000143514.17,,GTEX.X585.1026.SM.G8W81,34.561
ENSG00000143514.17,,GTEX.X5EB.0426.SM.46MVY,22.0697
ENSG00000143514.17,,GTEX.X62O.0726.SM.GOR1I,42.5756
ENSG00000143514.17,,GTEX.XBEC.1026.SM.4QASM,27.3807
ENSG00000143514.17,,GTEX.XBED.0826.SM.47JYC,37.4722
ENSG00000143514.17,,GTEX.XBEW.0226.SM.4AT6A,28.4744
ENSG00000143514.17,,GTEX.XGQ4.0826.SM.4AT4T,30.5476
ENSG00000143514.17,,GTEX.XMD2.1026.SM.4WWE8,25.7177
ENSG00000143514.17,,GTEX.XMD3.0826.SM.H6Q68,28.7774
ENSG00000143514.17,,GTEX.XOT4.1426.SM.4B65T,33.3935
ENSG00000143514.17,,GTEX.XPT6.1226.SM.HLJS1,26.9977
ENSG00000143514.17,,GTEX.XPVG.1026.SM.4B64Y,39.086
ENSG00000143514.17,,GTEX.XQ3S.0926.SM.4BOPI,21.3519
ENSG00000143514.17,,GTEX.XQ8I.1126.SM.4BOO2,31.5114
ENSG00000143514.17,,GTEX.XUW1.1226.SM.GQ1CL,27.816
ENSG00000143514.17,,GTEX.XV7Q.0426.SM.4BRVN,38.8843
ENSG00000143514.17,,GTEX.XXEK.0626.SM.G8LLV,28.8242
ENSG00000143514.17,,GTEX.XYKS.0526.SM.4BRW2,18.9536
ENSG00000143514.17,,GTEX.Y111.1026.SM.4TT22,25.4926
ENSG00000143514.17,,GTEX.Y3I4.0426.SM.4TT29,31.3717
ENSG00000143514.17,,GTEX.Y3IK.0626.SM.4WWE4,25.6265
ENSG00000143514.17,,GTEX.Y5LM.0726.SM.4VBRP,31.1606
ENSG00000143514.17,,GTEX.Y5V5.0826.SM.4VBQD,36.9662
ENSG00000143514.17,,GTEX.Y5V6.0226.SM.4V6G7,31.201
ENSG00000143514.17,,GTEX.Y8E4.0526.SM.4V6GC,19.4959
ENSG00000143514.17,,GTEX.Y8LW.0326.SM.4VBQ9,25.8925
ENSG00000143514.17,,GTEX.Y9LG.0526.SM.4VBRY,33.9729
ENSG00000143514.17,,GTEX.YB5E.0726.SM.4VDSH,18.7178
ENSG00000143514.17,,GTEX.YEC3.0226.SM.DO11B,29.7079
ENSG00000143514.17,,GTEX.YEC4.0526.SM.4W21U,34.6688
ENSG00000143514.17,,GTEX.YECK.0926.SM.4W214,30.4778
ENSG00000143514.17,,GTEX.YF7O.0626.SM.4W21R,28.8108
ENSG00000143514.17,,GTEX.YFC4.1126.SM.5RQJN,82.6126
ENSG00000143514.17,,GTEX.YFCO.0426.SM.4W1Z7,28.0694
ENSG00000143514.17,,GTEX.YJ8A.0926.SM.GPI8Y,27.4892
ENSG00000143514.17,,GTEX.YJ8O.1826.SM.5HL82,33.1448
ENSG00000143514.17,,GTEX.ZA64.0326.SM.5HL8T,47.8642
ENSG00000143514.17,,GTEX.ZAB4.0626.SM.5CVN3,16.8934
ENSG00000143514.17,,GTEX.ZAB5.0626.SM.5PNVB,28.9916
ENSG00000143514.17,,GTEX.ZAK1.0826.SM.GRR1A,43.0193
ENSG00000143514.17,,GTEX.ZC5H.0926.SM.5CVMZ,25.4627
ENSG00000143514.17,,GTEX.ZDTS.1026.SM.4WAXS,34.9444
ENSG00000143514.17,,GTEX.ZDTT.0926.SM.5J2MS,42.7539
ENSG00000143514.17,,GTEX.ZDXO.1326.SM.57WBS,40.6115
ENSG00000143514.17,,GTEX.ZDYS.0426.SM.5IJEQ,31.3305
ENSG00000143514.17,,GTEX.ZE7O.0826.SM.57WCP,32.9758
ENSG00000143514.17,,GTEX.ZEX8.0526.SM.DO115,26.2891
ENSG00000143514.17,,GTEX.ZF28.0726.SM.4WKFU,27.9974
ENSG00000143514.17,,GTEX.ZF29.1026.SM.4WKGC,42.4033
ENSG00000143514.17,,GTEX.ZF2S.0626.SM.4WKH2,27.9409
ENSG00000143514.17,,GTEX.ZF3C.0926.SM.DO92P,26.1365
ENSG00000143514.17,,GTEX.ZG7Y.1026.SM.4WWDG,37.5265
ENSG00000143514.17,,GTEX.ZLV1.0426.SM.4WWC2,60.9691
ENSG00000143514.17,,GTEX.ZLWG.0626.SM.4WWFR,31.3567
ENSG00000143514.17,,GTEX.ZPCL.0926.SM.DNZZ8,27.505
ENSG00000143514.17,,GTEX.ZPIC.0626.SM.57WDY,25.5614
ENSG00000143514.17,,GTEX.ZPU1.0926.SM.57WDO,33.3835
ENSG00000143514.17,,GTEX.ZQG8.0326.SM.51MSE,17.749
ENSG00000143514.17,,GTEX.ZT9W.0726.SM.9JGG2,48.3689
ENSG00000143514.17,,GTEX.ZT9X.0326.SM.51MTE,22.3465
ENSG00000143514.17,,GTEX.ZTPG.0926.SM.5O99H,35.401
ENSG00000143514.17,,GTEX.ZTTD.1126.SM.51MRP,16.8778
ENSG00000143514.17,,GTEX.ZUA1.1026.SM.4YCEA,73.4729
ENSG00000143514.17,,GTEX.ZV68.0626.SM.GOR1K,44.2169
ENSG00000143514.17,,GTEX.ZV6S.0426.SM.HAUXQ,35.0034
ENSG00000143514.17,,GTEX.ZVT3.0926.SM.5GICK,47.5799
ENSG00000143514.17,,GTEX.ZVT4.1126.SM.GPRX7,57.1217
ENSG00000143514.17,,GTEX.ZVZQ.1526.SM.5N9G6,40.1281
ENSG00000143514.17,,GTEX.ZXG5.0826.SM.5GID6,36.5068
ENSG00000143514.17,,GTEX.ZY6K.0326.SM.5MR8C,23.3627
ENSG00000143514.17,,GTEX.ZYFG.0226.SM.5GIDT,23.1977
ENSG00000143514.17,,GTEX.ZYT6.0526.SM.5GIEA,26.464
ENSG00000143514.17,,GTEX.ZYVF.1726.SM.5E443,21.998
ENSG00000143514.17,,GTEX.ZYW4.1526.SM.5MR8B,23.9466
ENSG00000143514.17,,GTEX.ZYY3.0926.SM.5E454,77.8997
ENSG00000143514.17,,GTEX.ZZPT.1326.SM.5E43H,35.2649
ENSG00000143514.17,,GTEX.ZZPU.0526.SM.5E44U,25.661
